{
  "project_info": {
    "project_number": "2515170228",
    "firebase_url": "https://hall-12c70.firebaseio.com",
    "project_id": "hall-12c70",
    "storage_bucket": "hall-12c70.appspot.com"
  },
  "client": [
    {
      "client_info": {
        "mobilesdk_app_id": "1:2515170228:android:fcbb2fb410ffb31807f8e1",
        "android_client_info": {
          "package_name": "com.example.hall"
        }
      },
      "oauth_client": [
        {
          "client_id": "2515170228-29fs5llieuntbu3e34ubm47j2fo5ntuk.apps.googleusercontent.com",
          "client_type": 1,
          "android_info": {
            "package_name": "com.example.hall",
            "certificate_hash": "72f3ed643650669b719c9cd37cc4c69f4d7091cd"
          }
        },
        {
          "client_id": "2515170228-2vsbmgqd4ppibj9q7igrg251hka533kl.apps.googleusercontent.com",
          "client_type": 3
        }
      ],
      "api_key": [
        {
          "current_key": "AIzaSyD51Gkx-0MTziXFC5z_s5uHtljcp7iQCag"
        }
      ],
      "services": {
        "appinvite_service": {
          "other_platform_oauth_client": [
            {
              "client_id": "2515170228-2vsbmgqd4ppibj9q7igrg251hka533kl.apps.googleusercontent.com",
              "client_type": 3
            }
          ]
        }
      }
    }
  ],
  "configuration_version": "1"
}